For promotioj,Retrenchment,Find duplicate,
Adelaide L Harrop,Adalberto W Creek,N,
Aiko Blossom,Adelaide L Harrop,N,
Alexis Q Grose,Allyn O Farrior,N,
Aliza X Sammons,America V Lobel,N,
America V Lobel,Amiee Z Chaffins,N,
Amiee Z Chaffins,Andrew Detweiler,N,
Andrew Detweiler,Asa E Kunze,N,
Brendon E Mone,Bell N Molinaro,N,
Buck H Rancourt,Bennie E Manfredi,N,
Candelaria Zajicek,Benny S Brinker,N,
Carlotta T Ryles,Bernie M Kish,N,
Carmelia E Bergeron,Bridget D Spadaro,N,
Carolin T Loya,Buck H Rancourt,N,
Carolynn V Moynihan,Cameron A Chamberland,N,
Cecily D Houser,Candelaria Q Zajicek,N,
Celine Baskin,Candelaria Zajicek,N,
Christie Rodger,Carmelia E Bergeron,N,
Clemente S Wiechmann,Cedric N Cavallo,N,
Deanna P Scoggin,Christene F Blakemore,N,
Detra D Rymer,Christie Rodger,N,
Devin Hales,Cliff Skipworth,N,
Dulce E Grizzard,Cole N Poling,N,
Edmund Mcclung,Deanna P Scoggin,N,
Elsy B Latta,Dee Joslyn,N,
Fernando S Korhonen,Detra D Rymer,N,
Garnett Dryer,Digna Q Eck,N,
Garrett S Nolette,Doyle Utter,N,
Inocencia Z Buteau,Dulce E Grizzard,N,
Jamaal Z Resto,Edmund Mcclung,N,
Jamel Meaney,Ela K Hames,N,
Janie P Caswell,Eldridge B Bose,N,
Jayson S Carrol,Elsy B Latta,N,
Jeff E Lucero,Elvis J Stroh,N,
Jeneva Y Bybee,Elvis Veiga,N,
Jerlene P Dunnigan,Fernando S Korhonen,N,
Jolanda Dewees,Gabriel E Pearsall,N,
Jon Arvizu,Garnett Dryer,N,
Jon Behler,Garrett Nolette,N,
Jordan Phu,Garrett S Nolette,N,
Julius Q Stock,Harland S Renshaw,N,
Kaye Tubbs,Honey D Eaves,N,
Keira Y Till,Hong M Townson,N,
Ken X Weisberg,Inocencia Z Buteau,N,
Kendrick C Burchette,Jamaal Z Resto,N,
Kenton Q Villalta,Jamel Meaney,N,
Kylie K Freda,Janie P Caswell,N,
Larry K Mash,Jayson S Carrol,N,
Laurena P Caston,Jenni Olguin,N,
Loren H Mckenzie,Jocelyn Q Scotti,N,
Mack L Lykes,Jolanda Dewees,N,
Mauricio I Streets,Jon Arvizu,N,
Maximina K Frates,Jordan Phu,N,
Narcisa C Rayburn,Julius Q Stock,N,
Nettie T Mccandless,Kassie Q Binder,N,
Patria D Riedel,Keila A Lucas,N,
Reinaldo G Castellanos,Keira Y Till,N,
Renaldo K Cheatham,Ken X Weisberg,N,
Scott D Torrey,Kenton Q Villalta,N,
Sheryll X Broadbent,Kimberlee J Hawkins,N,
Stephan Q Ranger,Lamar W Estill,N,
Stewart Mazurek,Larisa Still,N,
Susana H Hooks,Larry K Mash,N,
Taneka Q Church,Latia Gleaton,N,
Taylor Thill,Launa N Kohl,N,
Therese Q Belden,Laurena P Caston,N,
Tiny Q Llanos,Lenny U Rister,N,
Toney W Bollman,Loren H Mckenzie,N,
Toya B Rawlins,Lorriane P Ho,N,
Valene Z Woodmansee,Lyn Tso,N,
Vaughn Garica,Margrett M Confer,N,
Vernell X Amado,Maximina K Frates,N,
Walton S Keim,Narcisa C Rayburn,N,
Abbey Schindler,Nettie T Mccandless,N,
Abe J Macleod,Oren M Mcnabb,N,
Abe Morales,Oren Mcnabb,N,
Abe X Paro,Orval Q Olinger,N,
Abram Q Keffer,Patria D Riedel,N,
Abram S Manrique,Raymundo Pecora,N,
Adalberto W Creek,Reinaldo G Castellanos,N,
Adam B Katzer,Reynaldo S Service,N,
Adele M Burnam,Scott D Torrey,N,
Adelia Abbas,Shanti P Brinegar,N,
Adelia U Villagomez,Shavonne Henkle,N,
Adell W Trower,Sherwood K Shire,N,
Adella U Foushee,Sol K Roger,N,
Adelle E Brunner,Stephan Q Ranger,N,
Adria M Melendrez,Stewart Mazurek,N,
Adriana O Medved,Susana H Hooks,N,
Agnes Blow,Tamera Balser,N,
Agnes D Doud,Taneka Q Church,N,
Ahmad V Lynde,Taylor Thill,N,
Ahmed C Minch,Therese Q Belden,N,
Ahmed I Strope,Tiny Q Llanos,N,
Ahmed V Lease,Toney O Gentle,N,
Aileen F Hiltz,Toney W Bollman,N,
Aileen Hiltz,Toya B Rawlins,N,
Akiko S Godby,Valene Z Woodmansee,N,
Al Fegley,Vaughn Garica,N,
Alanna L Tyrell,Vikki N Lezama,N,
Albert Z Dunford,Violet L Ertel,N,
Alda F Penning,Walton S Keim,N,
Alden Cauley,Willia Vath,N,
Alden Y Cauley,Windy A Dudek,N,
Alease Lander,Wm S Goldschmidt,N,
Alease Y Lander,Abbey Schindler,N,
Alec Mcnees,Abe J Macleod,N,
Aleisha H Mathew,Abe Morales,N,
Alesia B Bear,Abe X Paro,N,
Alexis C Amaral,Abram Q Keffer,N,
Alexis D Bonelli,Abram S Manrique,N,
Alfonzo Knupp,Adam B Katzer,N,
Alfred L Strausbaugh,Adele M Burnam,N,
Alina L Prowell,Adelia Abbas,N,
Alise Baltzell,Adelia U Villagomez,N,
Alise O Baltzell,Adell W Trower,N,
Alisha D Coppock,Adella U Foushee,N,
Allen L Vachon,Adelle E Brunner,N,
Allene T Lepe,Adria M Melendrez,N,
Alline V Kushner,Adriana O Medved,N,
Allyn O Farrior,Agnes Blow,N,
Allyson I Ours,Agnes D Doud,N,
Almeda M Dunford,Ahmad V Lynde,N,
Alonzo W Stanford,Ahmed C Minch,N,
Alphonso Laffoon,Ahmed I Strope,N,
Alphonso U Laffoon,Ahmed V Lease,N,
Alysia Basil,Aiko Blossom,N,
Amada J Knouse,Aileen F Hiltz,N,
Amado C Bonet,Aileen Hiltz,N,
Amelia H Burbank,Akiko S Godby,N,
Analisa X Birdsell,Al Fegley,N,
Andre Q Maxon,Alanna L Tyrell,N,
Andrea Rhymes,Albert Z Dunford,N,
Andreas L Kennard,Alda F Penning,N,
Andreas T Viles,Alden Cauley,N,
Andres P Towles,Alden Y Cauley,N,
Andres S Garner,Alease Lander,N,
Andrew D Hersey,Alease Y Lander,N,
Andrew P Detweiler,Alec Mcnees,N,
Andria Z Reza,Aleisha H Mathew,N,
Angel F Palomino,Alesia B Bear,N,
Angel Ferebee,Alexis C Amaral,N,
Angela P Lorenzen,Alexis D Bonelli,N,
Angelo B Fitzmaurice,Alexis Q Grose,N,
Anibal F Pieper,Alfonzo Knupp,N,
Anisha Jasmin,Alfred L Strausbaugh,N,
Annabelle E Encinas,Alina L Prowell,N,
Annette Jolin,Alise Baltzell,N,
Antone Polston,Alise O Baltzell,N,
Antone W Polston,Alisha D Coppock,N,
Archie Blair,Aliza X Sammons,N,
Arden B Fujita,Allen L Vachon,N,
Arlen F Maly,Allene T Lepe,N,
Arlen Joly,Alline V Kushner,N,
Arlen M Joly,Allyson I Ours,N,
Arlen Z Vanslyke,Almeda M Dunford,N,
Armando H Seaborn,Alonzo W Stanford,N,
Armida Bridwell,Alphonso Laffoon,N,
Arnoldo D Mckeen,Alphonso U Laffoon,N,
Aron Durante,Alysia Basil,N,
Arron R Vegas,Amada J Knouse,N,
Arturo N Halvorsen,Amado C Bonet,N,
Asa E Kunze,Amelia H Burbank,N,
Ashanti R Swim,Analisa X Birdsell,N,
Ashlie G Cadena,Andre Q Maxon,N,
Asley F Mcewan,Andrea Rhymes,N,
Astrid Marinelli,Andreas L Kennard,N,
Astrid R Marinelli,Andreas T Viles,N,
Asuncion X Braunstein,Andres P Towles,N,
Audrea B Prather,Andres S Garner,N,
Audrea K Papineau,Andrew D Hersey,N,
Audria W Barrios,Andrew P Detweiler,N,
Audrie X Mccammon,Andria Z Reza,N,
August C Navarette,Angel F Palomino,N,
August C Strother,Angel Ferebee,N,
August F Dones,Angela P Lorenzen,N,
Augusta G Kircher,Angelo B Fitzmaurice,N,
Aundrea W Lundberg,Anibal F Pieper,N,
Aurelio K Wyckoff,Anisha Jasmin,N,
Austin Janney,Annabelle E Encinas,N,
Ayako Bachmann,Annette Jolin,N,
Ayako L Bachmann,Antone Polston,N,
Barak Sali,Antone W Polston,N,
Barrie Collman,Archie Blair,N,
Barrie E Collman,Arden B Fujita,N,
Bart B Gilcrease,Arlen F Maly,N,
Beatrice A Knopf,Arlen Joly,N,
Beatrice Coen,Arlen M Joly,N,
Beatrice T Coen,Arlen Z Vanslyke,N,
Bell N Molinaro,Armando H Seaborn,N,
Belva Fitzwater,Armida Bridwell,N,
Ben Gigliotti,Arnoldo D Mckeen,N,
Ben Lagrange,Aron Durante,N,
Ben N Lamson,Arron R Vegas,N,
Ben U Gigliotti,Arturo N Halvorsen,N,
Benedict B Wix,Ashanti R Swim,N,
Benedict U Daye,Ashlie G Cadena,N,
Bennie E Manfredi,Asley F Mcewan,N,
Benny S Brinker,Astrid Marinelli,N,
Berna Z Stoller,Astrid R Marinelli,N,
Bernard A Harbert,Asuncion X Braunstein,N,
Bernard Harbert,Audrea B Prather,N,
Bernard N Weatherly,Audrea K Papineau,N,
Bernarda E Gervais,Audria W Barrios,N,
Bernardina X Roesch,Audrie X Mccammon,N,
Bernardo I Garzon,August C Navarette,N,
Bernardo X Barbee,August C Strother,N,
Bernie M Kish,August F Dones,N,
Bert Q Lauritzen,Augusta G Kircher,N,
Bert S Kinkade,Aundrea W Lundberg,N,
Bertha E Harbison,Aurelio K Wyckoff,N,
Beryl Helsel,Austin Janney,N,
Bethann Marini,Ayako Bachmann,N,
Bill Tarkington,Ayako L Bachmann,N,
Billie Liang,Barak Sali,N,
Birdie Savoy,Barrie Collman,N,
Blanch Y Mysliwiec,Barrie E Collman,N,
Bo E Curlee,Bart B Gilcrease,N,
Bobbie P Chumley,Beatrice A Knopf,N,
Bobbie Q Holbrook,Beatrice Coen,N,
Bobbie S Miner,Beatrice T Coen,N,
Bobbie X Schoenrock,Belva Fitzwater,N,
Bong M Alvares,Ben Gigliotti,N,
Bonny Poor,Ben Lagrange,N,
Bonny S Poor,Ben N Lamson,N,
Boris A Mccown,Ben U Gigliotti,N,
Brad I Pattison,Benedict B Wix,N,
Bradford K Marlatt,Benedict U Daye,N,
Brande Sevier,Berna Z Stoller,N,
Brendon J Camp,Bernard A Harbert,N,
Brendon V Crowther,Bernard Harbert,N,
Brent U Perlman,Bernard N Weatherly,N,
Brenton U Boyett,Bernarda E Gervais,N,
Bret C Delancey,Bernardina X Roesch,N,
Brett Z Vadnais,Bernardo I Garzon,N,
Bridget D Spadaro,Bernardo X Barbee,N,
Bridget Rake,Bert Q Lauritzen,N,
Brigitte D Fendley,Bert S Kinkade,N,
Britt P Shivers,Bertha E Harbison,N,
Britt Shivers,Beryl Helsel,N,
Bruna R Welke,Bethann Marini,N,
Bryan J Stampley,Bill Tarkington,N,
Bryan V Guyton,Billie Liang,N,
Bryanna Pyron,Birdie Savoy,N,
Bryant L Kinsman,Blanch Y Mysliwiec,N,
Bryce B Edens,Bo E Curlee,N,
Buck Rancourt,Bobbie P Chumley,N,
Bud Kistner,Bobbie Q Holbrook,N,
Bud L Lofgren,Bobbie S Miner,N,
Bud Lofgren,Bobbie X Schoenrock,N,
Buddy G Steinbeck,Bong M Alvares,N,
Buddy W Lofgren,Bonny Poor,N,
Buford Q Giancola,Bonny S Poor,N,
Bula Reich,Boris A Mccown,N,
Burton C Jin,Brad I Pattison,N,
Caleb Luther,Bradford K Marlatt,N,
Cameron A Chamberland,Brande Sevier,N,
Cameron Chamberland,Brendon E Mone,N,
Cameron K Gratton,Brendon J Camp,N,
Candelaria Q Zajicek,Brendon V Crowther,N,
Carey J Sandlin,Brent U Perlman,N,
Carey N Mccready,Brenton U Boyett,N,
Carl M Paddock,Bret C Delancey,N,
Carlo B Ali,Brett Z Vadnais,N,
Carlos Banh,Bridget Rake,N,
Carlton P Bose,Brigitte D Fendley,N,
Carlton P Mahurin,Britt P Shivers,N,
Carly L Sirianni,Britt Shivers,N,
Carmelia R Lattimer,Bruna R Welke,N,
Carmen F Barret,Bryan J Stampley,N,
Carmen U Benbow,Bryan V Guyton,N,
Carmon A Howlett,Bryanna Pyron,N,
Carolina B Pasillas,Bryant L Kinsman,N,
Carrol Arend,Bryce B Edens,N,
Carrol O Arend,Buck Rancourt,N,
Carter B Hilderbrand,Bud Kistner,N,
Carter C Hunt,Bud L Lofgren,N,
Casey D Krier,Bud Lofgren,N,
Cassaundra K Polito,Buddy G Steinbeck,N,
Cayla Mealy,Buddy W Lofgren,N,
Cecil Teixeira,Buford Q Giancola,N,
Cedric N Cavallo,Bula Reich,N,
Cedrick Engelhardt,Burton C Jin,N,
Cedrick K Engelhardt,Caleb Luther,N,
Cedrick M Cordle,Cameron Chamberland,N,
Celesta L Reeser,Cameron K Gratton,N,
Celestine H Alderson,Carey J Sandlin,N,
Celinda C Magruder,Carey N Mccready,N,
Chadwick I Hargreaves,Carl M Paddock,N,
Charity N Denman,Carlo B Ali,N,
Charles S Nicholes,Carlos Banh,N,
Charlie Moxley,Carlotta T Ryles,N,
Charlie V Koeller,Carlton P Bose,N,
Chase J Paradise,Carlton P Mahurin,N,
Chase Paradise,Carly L Sirianni,N,
Chase T Scurry,Carmelia R Lattimer,N,
Chau R Barron,Carmen F Barret,N,
Chauncey Southerland,Carmen U Benbow,N,
Chaya W Caudle,Carmon A Howlett,N,
Chere Patchett,Carolin T Loya,N,
Cheree Lusk,Carolina B Pasillas,N,
Chester N Sitz,Carolynn V Moynihan,N,
Chi S Clopton,Carrol Arend,N,
Ching D Applegate,Carrol O Arend,N,
Chris Braggs,Carter B Hilderbrand,N,
Chrissy H Edmonson,Carter C Hunt,N,
Christena Kratz,Casey D Krier,N,
Christene Blakemore,Cassaundra K Polito,N,
Christene F Blakemore,Cayla Mealy,N,
Christene L Mccaleb,Cecil Teixeira,N,
Christi H Amaker,Cecily D Houser,N,
Christoper K Manzano,Cedrick Engelhardt,N,
Chung J Moynihan,Cedrick K Engelhardt,N,
Cicely W Colton,Cedrick M Cordle,N,
Cindie T Madden,Celesta L Reeser,N,
Clara B Sifuentes,Celestine H Alderson,N,
Clarence Hinkson,Celinda C Magruder,N,
Clarence J Hinkson,Celine Baskin,N,
Claretta D Wingert,Chadwick I Hargreaves,N,
Clark Spence,Charity N Denman,N,
Claudio Q Bien,Charles S Nicholes,N,
Clemmie F Montague,Charlie Moxley,N,
Cleveland A Zinke,Charlie V Koeller,N,
Cleveland Franko,Chase J Paradise,N,
Cleveland W Franko,Chase Paradise,N,
Cliff Skipworth,Chase T Scurry,N,
Clint Q Orear,Chau R Barron,N,
Clint Q Strayhorn,Chauncey Southerland,N,
Clint Strayhorn,Chaya W Caudle,N,
Clinton Tschida,Chere Patchett,N,
Clotilde Mason,Cheree Lusk,N,
Clotilde X Mason,Chester N Sitz,N,
Clyde P Ponton,Chi S Clopton,N,
Cole Dellinger,Ching D Applegate,N,
Cole M Dellinger,Chris Braggs,N,
Cole N Poling,Chrissy H Edmonson,N,
Colin V Likens,Christena Kratz,N,
Colleen B Lenihan,Christene Blakemore,N,
Colton B Salzman,Christene L Mccaleb,N,
Colton Salzman,Christi H Amaker,N,
Conrad R Saito,Christoper K Manzano,N,
Conrad Saito,Chung J Moynihan,N,
Cordell M Tweedy,Cicely W Colton,N,
Cordell Riche,Cindie T Madden,N,
Cordia M Knopp,Clara B Sifuentes,N,
Corey F Stowe,Clarence Hinkson,N,
Corina U Korhonen,Clarence J Hinkson,N,
Cortez F Espiritu,Claretta D Wingert,N,
Coy I Gentner,Clark Spence,N,
Cristal Q Kucharski,Claudio Q Bien,N,
Cristi T Clem,Clemente S Wiechmann,N,
Crystal Comes,Clemmie F Montague,N,
Crystal U Comes,Cleveland A Zinke,N,
Curtis E Quayle,Cleveland Franko,N,
Cyndy Ary,Cleveland W Franko,N,
Cyndy H Ary,Clint Q Orear,N,
Cythia I Stecker,Clint Q Strayhorn,N,
Daina U Ledet,Clint Strayhorn,N,
Dale Childers,Clinton Tschida,N,
Dale E Childers,Clotilde Mason,N,
Damian F Mcgaughey,Clotilde X Mason,N,
Damian X Grist,Clyde P Ponton,N,
Damien A Izquierdo,Cole Dellinger,N,
Dane Lawrence,Cole M Dellinger,N,
Danette A Kuykendall,Colin V Likens,N,
Daniel L Nava,Colleen B Lenihan,N,
Danilo Hammes,Colton B Salzman,N,
Danilo S Hammes,Colton Salzman,N,
Darcel P Burford,Conrad R Saito,N,
Darin Keitt,Conrad Saito,N,
Darin U Shipp,Cordell M Tweedy,N,
Darren U Shoulders,Cordell Riche,N,
Darron Tittle,Cordia M Knopp,N,
Darwin W Lemoine,Corey F Stowe,N,
Davida A Funkhouser,Corina U Korhonen,N,
Davis Z Gaylor,Cortez F Espiritu,N,
Dawna T Woodbury,Coy I Gentner,N,
Dawne Y Gardner,Cristal Q Kucharski,N,
Dayna M Edmondson,Cristi T Clem,N,
Deandre U Groleau,Crystal Comes,N,
Deane I Keown,Crystal U Comes,N,
Debbie C Lipsey,Curtis E Quayle,N,
Debrah X Flury,Cyndy Ary,N,
Dee Joslyn,Cyndy H Ary,N,
Deeanna E Cluck,Cythia I Stecker,N,
Delana I Selfridge,Daina U Ledet,N,
Delana Y Freedman,Dale Childers,N,
Delfina O Day,Dale E Childers,N,
Delphine P Carpio,Damian F Mcgaughey,N,
Delsie R Tennison,Damian X Grist,N,
Demarcus Recio,Damien A Izquierdo,N,
Denis T Yelle,Dane Lawrence,N,
Denis Y Fehr,Danette A Kuykendall,N,
Dennis K Cayer,Daniel L Nava,N,
Deon U Mounce,Danilo Hammes,N,
Derick A Macey,Danilo S Hammes,N,
Derrick Culbreth,Darcel P Burford,N,
Deshawn O Mankin,Darin Keitt,N,
Desirae D Ginn,Darin U Shipp,N,
Desirae Ginn,Darren U Shoulders,N,
Desiree L Sobel,Darron Tittle,N,
Devin U Hales,Darwin W Lemoine,N,
Dewayne X Groom,Davida A Funkhouser,N,
Dian I Peachey,Davis Z Gaylor,N,
Digna Q Eck,Dawna T Woodbury,N,
Dion K Taylor,Dawne Y Gardner,N,
Dion Taylor,Dayna M Edmondson,N,
Don Southwick,Deandre U Groleau,N,
Donald H Mazur,Deane I Keown,N,
Donald P Phaneuf,Debbie C Lipsey,N,
Dong B Sturdevant,Debrah X Flury,N,
Dong Sturdevant,Deeanna E Cluck,N,
Donna R Woodrum,Delana I Selfridge,N,
Donnell Babbitt,Delana Y Freedman,N,
Donte H Granger,Delfina O Day,N,
Donya G Rodden,Delphine P Carpio,N,
Dorethea U Engram,Delsie R Tennison,N,
Doria Z Crouse,Demarcus Recio,N,
Dorla G Westberry,Denis T Yelle,N,
Dorothea J Canterbury,Denis Y Fehr,N,
Dorothy Gard,Dennis K Cayer,N,
Dorothy Q Gard,Deon U Mounce,N,
Dortha Z Harty,Derick A Macey,N,
Dottie D Hagaman,Derrick Culbreth,N,
Dottie Hagaman,Deshawn O Mankin,N,
Doug B Southwick,Desirae D Ginn,N,
Douglas Cull,Desirae Ginn,N,
Dovie F Larue,Desiree L Sobel,N,
Dovie Nickerson,Devin Hales,N,
Dovie U Nickerson,Devin U Hales,N,
Doyle Grindstaff,Dewayne X Groom,N,
Doyle N Utter,Dian I Peachey,N,
Doyle T Grindstaff,Dion K Taylor,N,
Doyle Utter,Dion Taylor,N,
Drucilla Simkins,Don Southwick,N,
Dudley G Slocum,Donald H Mazur,N,
Dudley Slocum,Donald P Phaneuf,N,
Dulce Grizzard,Dong B Sturdevant,N,
Duncan O Maheu,Dong Sturdevant,N,
Dustin Y Espey,Donna R Woodrum,N,
Dusty L Kugler,Donnell Babbitt,N,
Dwain O Upham,Donte H Granger,N,
Dwain Upham,Donya G Rodden,N,
Dwayne Marker,Dorethea U Engram,N,
Dwayne W Marker,Doria Z Crouse,N,
Earlean Funke,Dorla G Westberry,N,
Earlean Y Funke,Dorothea J Canterbury,N,
Earnest H Birkholz,Dorothy Gard,N,
Eartha Z Oceguera,Dorothy Q Gard,N,
Ed Shockley,Dortha Z Harty,N,
Ed X Shockley,Dottie D Hagaman,N,
Eda O Brase,Dottie Hagaman,N,
Edgar Teer,Doug B Southwick,N,
Edmund K Masuda,Douglas Cull,N,
Edmundo R Rew,Dovie F Larue,N,
Edra M Guthrie,Dovie Nickerson,N,
Effie Jelinek,Dovie U Nickerson,N,
Efrain L Wass,Doyle Grindstaff,N,
Efrain Moats,Doyle N Utter,N,
Efren G Ager,Doyle T Grindstaff,N,
Ela K Hames,Drucilla Simkins,N,
Eladia A Braggs,Dudley G Slocum,N,
Elaine B Randazzo,Dudley Slocum,N,
Eldridge B Bose,Dulce Grizzard,N,
Eldridge Bose,Duncan O Maheu,N,
Eldridge M Benningfield,Dustin Y Espey,N,
Eleanor D Dickson,Dusty L Kugler,N,
Eleanora Farthing,Dwain O Upham,N,
Elease H Burger,Dwain Upham,N,
Elenor B Gibbs,Dwayne Marker,N,
Elenora S Whitehill,Dwayne W Marker,N,
Elenora V Halley,Earlean Funke,N,
Eleonora Pollard,Earlean Y Funke,N,
Eleonora S Pollard,Earnest H Birkholz,N,
Elias Pinkard,Eartha Z Oceguera,N,
Elias Y Pinkard,Ed Shockley,N,
Elijah P Elkin,Ed X Shockley,N,
Elijah X Ahmad,Eda O Brase,N,
Eliz R Linneman,Edgar Teer,N,
Elliott Chess,Edmund K Masuda,N,
Ellis J Mccune,Edmundo R Rew,N,
Ellis V Mcneel,Edra M Guthrie,N,
Elmo G Pagano,Effie Jelinek,N,
Elois Z Ono,Efrain L Wass,N,
Eloise Demoss,Efrain Moats,N,
Eloise Z Demoss,Efren G Ager,N,
Elroy Kimbler,Eladia A Braggs,N,
Elroy L Shorts,Elaine B Randazzo,N,
Elroy N Kimbler,Eldridge Bose,N,
Elsie S Depaz,Eldridge M Benningfield,N,
Elsy Beyer,Eleanor D Dickson,N,
Elvis J Stroh,Eleanora Farthing,N,
Elvis Stroh,Elease H Burger,N,
Elvis Veiga,Elenor B Gibbs,N,
Elwood T More,Elenora S Whitehill,N,
Emeline I Richer,Elenora V Halley,N,
Emery P Sorrells,Eleonora Pollard,N,
Emiko Z Lolley,Eleonora S Pollard,N,
Emile Aponte,Elias Pinkard,N,
Emma Dice,Elias Y Pinkard,N,
Emma Monti,Elijah P Elkin,N,
Emma X Monti,Elijah X Ahmad,N,
Emmanuel G Chamorro,Eliz R Linneman,N,
Emmitt X Plante,Elliott Chess,N,
Employees,Ellis J Mccune,N,
Ena Mullins,Ellis V Mcneel,N,
Ena Thor,Elmo G Pagano,N,
Enda Kirchner,Elois Z Ono,N,
Eric C Irvine,Eloise Demoss,N,
Erica S Harlan,Eloise Z Demoss,N,
Erik W Steffen,Elroy Kimbler,N,
Erin K Stclair,Elroy L Shorts,N,
Erin L Jasmin,Elroy N Kimbler,N,
Ernestine E Fludd,Elsie S Depaz,N,
Ernestine Fludd,Elsy Beyer,N,
Esmeralda N Veliz,Elvis Stroh,N,
Estella E Miley,Elwood T More,N,
Etsuko O Wilmot,Emeline I Richer,N,
Ettie S Stilwell,Emery P Sorrells,N,
Eveline B Strecker,Emiko Z Lolley,N,
Evon Q Lawson,Emile Aponte,N,
Ewa B Staples,Emma Dice,N,
Exie C Bradham,Emma Monti,N,
Ezequiel N Shell,Emma X Monti,N,
Ezra Calvert,Emmanuel G Chamorro,N,
Fabian Say,Emmitt X Plante,N,
Faustino Scheffel,Employees,N,
Fawn Buckman,Ena Mullins,N,
Fe A Schrock,Ena Thor,N,
Federico B Edmond,Enda Kirchner,N,
Federico Edmond,Eric C Irvine,N,
Federico I Carlile,Erica S Harlan,N,
Felisha Q Ettinger,Erik W Steffen,N,
Felix S Croker,Erin K Stclair,N,
Femi Grek,Erin L Jasmin,N,
Ferdinand Ramsdell,Ernestine E Fludd,N,
Fermin L Zapata,Ernestine Fludd,N,
Fernando Korhonen,Esmeralda N Veliz,N,
Forest Z Blewett,Estella E Miley,N,
Forest Z Hacker,Etsuko O Wilmot,N,
Forrest Q Zell,Ettie S Stilwell,N,
Francis O Encarnacion,Eveline B Strecker,N,
Frank O Mallon,Evon Q Lawson,N,
Frankie I Speed,Ewa B Staples,N,
Franklyn V Hummell,Exie C Bradham,N,
Freddie C Headen,Ezequiel N Shell,N,
Freddy A Rolling,Ezra Calvert,N,
Freddy Rolling,Fabian Say,N,
Fredericka J Varney,Faustino Scheffel,N,
Gabriel E Pearsall,Fawn Buckman,N,
Gabriel S Beale,Fe A Schrock,N,
Galina G Woodbury,Federico B Edmond,N,
Garland J Verville,Federico Edmond,N,
Garland Z Leavell,Federico I Carlile,N,
Garret Flakes,Felisha Q Ettinger,N,
Garrett Nolette,Felix S Croker,N,
Gavin V Mckillip,Femi Grek,N,
Gearldine Stolte,Ferdinand Ramsdell,N,
Gema S Grover,Fermin L Zapata,N,
Gemma I Chilton,Fernando Korhonen,N,
Genaro Lukasik,Forest Z Blewett,N,
George U Clouser,Forest Z Hacker,N,
Georgiann C Harrell,Forrest Q Zell,N,
Georgiann Harrell,Francis O Encarnacion,N,
Gerardo Q Bergen,Frank O Mallon,N,
Geri M Tuthill,Frankie I Speed,N,
Gerry D Woolery,Franklyn V Hummell,N,
Gerry Harvey,Freddie C Headen,N,
Gerry X Koh,Freddy A Rolling,N,
Gertrud B Glidden,Freddy Rolling,N,
Gertrud Glidden,Fredericka J Varney,N,
Gia M Casas,Gabriel S Beale,N,
Gidget X Loring,Galina G Woodbury,N,
Gilbert M Wolfgram,Garland J Verville,N,
Gilbert Z Bloss,Garland Z Leavell,N,
Gilberto U Greaves,Garret Flakes,N,
Giovanna M Clift,Gavin V Mckillip,N,
Giuseppe D Chouinard,Gearldine Stolte,N,
Giuseppina Dagostino,Gema S Grover,N,
Giuseppina E Fink,Gemma I Chilton,N,
Giuseppina N Dagostino,Genaro Lukasik,N,
Glady Q Kump,George U Clouser,N,
Glenn N Vinyard,Georgiann C Harrell,N,
Glenn Vinyard,Georgiann Harrell,N,
Gracie P Lett,Gerardo Q Bergen,N,
Grady Y Perera,Geri M Tuthill,N,
Graham O Romeo,Gerry D Woolery,N,
Gregorio H Hottinger,Gerry Harvey,N,
Gregory I Kidwell,Gerry X Koh,N,
Grisel R Whitty,Gertrud B Glidden,N,
Grisel Sutton,Gertrud Glidden,N,
Grover Mcgahey,Gia M Casas,N,
Guillermo X Schwan,Gidget X Loring,N,
Gustavo F Rouse,Gilbert M Wolfgram,N,
Guy S Troy,Gilbert Z Bloss,N,
Gwyn E Etzel,Gilberto U Greaves,N,
Gwyn Etzel,Giovanna M Clift,N,
Gwyn I Parish,Giuseppe D Chouinard,N,
Gwyn N Mitzel,Giuseppina Dagostino,N,
Hai Y Arden,Giuseppina E Fink,N,
Hal K Kells,Giuseppina N Dagostino,N,
Hal Kells,Glady Q Kump,N,
Haley G Bova,Glenn N Vinyard,N,
Hannah K Ma,Glenn Vinyard,N,
Hans G Koh,Gracie P Lett,N,
Harland S Renshaw,Grady Y Perera,N,
Harriett A Mccurry,Graham O Romeo,N,
Hassan Radabaugh,Gregorio H Hottinger,N,
Hayden E Novack,Gregory I Kidwell,N,
Hayden J Jang,Grisel R Whitty,N,
Heath Aikin,Grisel Sutton,N,
Heath Fell,Grover Mcgahey,N,
Heath K Fell,Guillermo X Schwan,N,
Herb B Irving,Gustavo F Rouse,N,
Heriberto Rollo,Guy S Troy,N,
Heriberto Starkey,Gwyn E Etzel,N,
Heriberto Y Starkey,Gwyn Etzel,N,
Herlinda U Negron,Gwyn I Parish,N,
Hermila X Crosslin,Gwyn N Mitzel,N,
Hester B Cabana,Hai Y Arden,N,
Hettie S Lauber,Hal K Kells,N,
Hiram K Stokely,Hal Kells,N,
Holley M Cathcart,Haley G Bova,N,
Holli G Ethridge,Hannah K Ma,N,
Hollis Z Carr,Hans G Koh,N,
Homer Hollowell,Harriett A Mccurry,N,
Honey D Eaves,Hassan Radabaugh,N,
Hong M Townson,Hayden E Novack,N,
Horace Hobart,Hayden J Jang,N,
Horacio S Salazar,Heath Aikin,N,
Hosea B Michelson,Heath Fell,N,
Houston K Joe,Heath K Fell,N,
Hoyt O Reiss,Herb B Irving,N,
Hubert L Kirkland,Heriberto Rollo,N,
Hugh N Chavira,Heriberto Starkey,N,
Hui Bizzell,Heriberto Y Starkey,N,
Hui E Bizzell,Herlinda U Negron,N,
Hung H Nicola,Hermila X Crosslin,N,
Hyun M Gloss,Hester B Cabana,N,
Hyun Z Bynoe,Hettie S Lauber,N,
Iliana Fogle,Hiram K Stokely,N,
Iliana M Fogle,Holley M Cathcart,N,
Ilse X Harr,Holli G Ethridge,N,
Ingeborg Z Weisser,Hollis Z Carr,N,
Inger Gillan,Homer Hollowell,N,
Irene Ellerbee,Horace Hobart,N,
Irving C Pillar,Horacio S Salazar,N,
Irwin River,Hosea B Michelson,N,
Isaac O Dempster,Houston K Joe,N,
Isaac Tsan,Hoyt O Reiss,N,
Isabella X Russell,Hubert L Kirkland,N,
Isaiah G Parrish,Hugh N Chavira,N,
Isaiah Y Magwood,Hui Bizzell,N,
Isiah S Coppock,Hui E Bizzell,N,
Isiah Wilkie,Hung H Nicola,N,
Isis F Hash,Hyun M Gloss,N,
Isis N Rufus,Hyun Z Bynoe,N,
Isobel K Dance,Iliana Fogle,N,
Israel T Hertzler,Iliana M Fogle,N,
Isreal F Metoyer,Ilse X Harr,N,
Isreal Metoyer,Ingeborg Z Weisser,N,
Ivan A Groner,Inger Gillan,N,
Izetta B Alford,Irene Ellerbee,N,
Izola E Ye,Irving C Pillar,N,
Jacinda X Michalec,Irwin River,N,
Jacinta Y Cheney,Isaac O Dempster,N,
Jack J Warfel,Isaac Tsan,N,
Jack Partin,Isabella X Russell,N,
Jackie P Montague,Isaiah G Parrish,N,
Jackie Sachs,Isaiah Y Magwood,N,
Jae B Isabell,Isiah S Coppock,N,
Jaleesa I Averett,Isiah Wilkie,N,
Jamaal Resto,Isis F Hash,N,
Jamal G Dimarco,Isis N Rufus,N,
Jamey S Seim,Isobel K Dance,N,
Jamison Crutchfield,Israel T Hertzler,N,
Jamison U Crutchfield,Isreal F Metoyer,N,
Janean A Tyler,Isreal Metoyer,N,
Janessa M Drennen,Ivan A Groner,N,
Jaquelyn C Holzman,Izetta B Alford,N,
Jarred C Class,Izola E Ye,N,
Jarred Class,Jacinda X Michalec,N,
Jason V Gravois,Jacinta Y Cheney,N,
Jasper P Barnaby,Jack J Warfel,N,
Jayme B Shimer,Jack Partin,N,
Jazmin Wheless,Jackie P Montague,N,
Jc Meyers,Jackie Sachs,N,
Jc S Meyers,Jae B Isabell,N,
Jeanetta N Norden,Jaleesa I Averett,N,
Jeanna U Li,Jamaal Resto,N,
Jeff Mallon,Jamal G Dimarco,N,
Jeff W Zacarias,Jamey S Seim,N,
Jefferey Folkerts,Jamison Crutchfield,N,
Jefferson N Thurman,Jamison U Crutchfield,N,
Jeffery A Brafford,Janean A Tyler,N,
Jeffrey Berg,Janessa M Drennen,N,
Jenell S Sauers,Jaquelyn C Holzman,N,
Jennefer Ours,Jarred C Class,N,
Jenni Olguin,Jarred Class,N,
Jennifer Z Pridgen,Jason V Gravois,N,
Jeramy F Metoyer,Jasper P Barnaby,N,
Jeramy T Londono,Jayme B Shimer,N,
Jeremiah Harriss,Jazmin Wheless,N,
Jeremiah N Curran,Jc Meyers,N,
Jeremy Belew,Jc S Meyers,N,
Jerome P Whitefield,Jeanetta N Norden,N,
Jerome Spangler,Jeanna U Li,N,
Jerome Whitefield,Jeff E Lucero,N,
Jerrell Mcfarlin,Jeff Mallon,N,
Jerri Dunkle,Jeff W Zacarias,N,
Jesus E Mclelland,Jefferey Folkerts,N,
Jesus H Guillen,Jefferson N Thurman,N,
Jesus Tafolla,Jeffery A Brafford,N,
Jewel R Willhite,Jeffrey Berg,N,
Jillian Harry,Jenell S Sauers,N,
Jim J Lurie,Jeneva Y Bybee,N,
Jimmie A Rorie,Jennefer Ours,N,
Jimmie Esqueda,Jennifer Z Pridgen,N,
Jimmie F Vasquez,Jeramy F Metoyer,N,
Jimmy Canaday,Jeramy T Londono,N,
Joanie N Folkerts,Jeremiah Harriss,N,
Joanna Deforest,Jeremiah N Curran,N,
Joanna H Deforest,Jeremy Belew,N,
Joanna M Sandefur,Jerlene P Dunnigan,N,
Joannie E Wolters,Jerome P Whitefield,N,
Joaquin Vaz,Jerome Spangler,N,
Jocelyn Q Scotti,Jerome Whitefield,N,
Jody K Rude,Jerrell Mcfarlin,N,
Jody Slavens,Jerri Dunkle,N,
Joel S Maine,Jesus E Mclelland,N,
Joesph Y Shrout,Jesus H Guillen,N,
Johnie Centers,Jesus Tafolla,N,
Johnie V Centers,Jewel R Willhite,N,
Jolanda L Dewees,Jillian Harry,N,
Joleen H Chea,Jim J Lurie,N,
Joline Frisby,Jimmie A Rorie,N,
Jong Borchers,Jimmie Esqueda,N,
Jong U Borchers,Jimmie F Vasquez,N,
Jordan D Phu,Jimmy Canaday,N,
Jorge R Coghlan,Joanie N Folkerts,N,
Jose P Tubbs,Joanna Deforest,N,
Josette Betancourt,Joanna H Deforest,N,
Josette R Betancourt,Joanna M Sandefur,N,
Josiah R Gutierres,Joannie E Wolters,N,
Josie Hofman,Joaquin Vaz,N,
Judith D Gourdine,Jody K Rude,N,
Judith Gourdine,Jody Slavens,N,
Judson Y Hodson,Joel S Maine,N,
Jules Shugart,Joesph Y Shrout,N,
Julio Bryce,Johnie Centers,N,
Julio Dockery,Johnie V Centers,N,
Julio P Bryce,Jolanda L Dewees,N,
Julio P Dockery,Joleen H Chea,N,
Julius N Bakker,Joline Frisby,N,
Junita Huhn,Jon Behler,N,
Junita Y Huhn,Jong Borchers,N,
Kaci Whitacre,Jong U Borchers,N,
Kacy Cairns,Jordan D Phu,N,
Kali Kennamer,Jorge R Coghlan,N,
Kandis Owenby,Jose P Tubbs,N,
Karie Renninger,Josette Betancourt,N,
Karima Metivier,Josette R Betancourt,N,
Karisa B Glidewell,Josiah R Gutierres,N,
Karisa Glidewell,Josie Hofman,N,
Karl O Langlinais,Judith D Gourdine,N,
Karlene L Mckean,Judith Gourdine,N,
Kasi Blakeslee,Judson Y Hodson,N,
Kassie Akers,Jules Shugart,N,
Kassie Q Binder,Julio Bryce,N,
Kate O Paull,Julio Dockery,N,
Katelin F Coney,Julio P Bryce,N,
Katheryn Holtzclaw,Julio P Dockery,N,
Katia Foran,Julius N Bakker,N,
Katie N Kinnison,Junita Huhn,N,
Keenan W Spruell,Junita Y Huhn,N,
Keila A Lucas,Kaci Whitacre,N,
Keila F Lofland,Kacy Cairns,N,
Keira Till,Kali Kennamer,N,
Keith B Macha,Kandis Owenby,N,
Keith E Moyes,Karie Renninger,N,
Keith Q Ofarrell,Karima Metivier,N,
Keitha Foran,Karisa B Glidewell,N,
Kellee L Gravelle,Karisa Glidewell,N,
Kendrick Burchette,Karl O Langlinais,N,
Kenneth Lucius,Karlene L Mckean,N,
Kenton Villalta,Kasi Blakeslee,N,
Kermit L Mcphail,Kassie Akers,N,
Kermit Mcphail,Kate O Paull,N,
Kerri Y Card,Katelin F Coney,N,
Keven A Jewell,Katheryn Holtzclaw,N,
Keven Bingham,Katia Foran,N,
Keven F Bingham,Katie N Kinnison,N,
Keven H Araiza,Kaye Tubbs,N,
Khalilah A Campo,Keenan W Spruell,N,
Kiara G Abrahamson,Keila F Lofland,N,
Kiara T Martinez,Keira Till,N,
Kieth D Castelli,Keith B Macha,N,
Kieth G Coney,Keith E Moyes,N,
Kimberlee J Hawkins,Keith Q Ofarrell,N,
Kimberly Duquette,Keitha Foran,N,
Kimberly K Carr,Kellee L Gravelle,N,
Kindra V Cruickshank,Kendrick Burchette,N,
Kirby W Estrella,Kendrick C Burchette,N,
Kirstie Macey,Kenneth Lucius,N,
Kirstie W Macey,Kenton Villalta,N,
Kitty S Sickles,Kermit L Mcphail,N,
Kizzy W Brazelton,Kermit Mcphail,N,
Korey I Garrity,Kerri Y Card,N,
Korey U Eddington,Keven A Jewell,N,
Kori J Fairfax,Keven Bingham,N,
Kraig P Brownfield,Keven F Bingham,N,
Kris Bice,Keven H Araiza,N,
Kris L Bice,Khalilah A Campo,N,
Krishna G Raby,Kiara G Abrahamson,N,
Krissy S Valazquez,Kiara T Martinez,N,
Kristal F Bickford,Kieth D Castelli,N,
Kristen A Beauchemin,Kieth G Coney,N,
Kristie E Jain,Kimberly Duquette,N,
Kristle D Figgs,Kimberly K Carr,N,
Kristofer N Calahan,Kindra V Cruickshank,N,
Kristofer Y Fizer,Kirby W Estrella,N,
Kristopher Alejos,Kirstie Macey,N,
Kurtis C Irons,Kirstie W Macey,N,
Lacy Deshotel,Kitty S Sickles,N,
Lacy Q Deshotel,Kizzy W Brazelton,N,
Lakenya Z Mccroskey,Korey I Garrity,N,
Lala C Marquez,Korey U Eddington,N,
Lala R Denman,Kori J Fairfax,N,
Lamar A Partida,Kraig P Brownfield,N,
Lamar L Legg,Kris Bice,N,
Lamar W Estill,Kris L Bice,N,
Lamont J Brescia,Krishna G Raby,N,
Lance Pennington,Krissy S Valazquez,N,
Lanelle W Berlanga,Kristal F Bickford,N,
Larisa Still,Kristen A Beauchemin,N,
Larisa X Strauss,Kristie E Jain,N,
Larry Osby,Kristle D Figgs,N,
Lashaunda Y Munden,Kristofer N Calahan,N,
Latanya C Law,Kristofer Y Fizer,N,
Latia Gleaton,Kristopher Alejos,N,
Latrice Kirch,Kurtis C Irons,N,
Launa N Kohl,Kylie K Freda,N,
Lauren O Guzzi,Lacy Deshotel,N,
Lauren R Hennessy,Lacy Q Deshotel,N,
Laurence K Ryles,Lakenya Z Mccroskey,N,
Laurinda Dinh,Lala C Marquez,N,
Lavada Maldanado,Lala R Denman,N,
Lavada W Maldanado,Lamar A Partida,N,
Lavette P Cheney,Lamar L Legg,N,
Lawerence W Abernethy,Lamont J Brescia,N,
Leanna X Tibbetts,Lance Pennington,N,
Leda X Haskell,Lanelle W Berlanga,N,
Leda Y Fabre,Larisa X Strauss,N,
Leif Harness,Larry Osby,N,
Leif Y Harness,Lashaunda Y Munden,N,
Leigh Y Haws,Latanya C Law,N,
Leland C Fifield,Latrice Kirch,N,
Leland David,Lauren O Guzzi,N,
Lemuel V Darden,Lauren R Hennessy,N,
Lemuel W Hardman,Laurence K Ryles,N,
Lenny U Rister,Laurinda Dinh,N,
Leonel S Yuan,Lavada Maldanado,N,
Leonia Y Derosier,Lavada W Maldanado,N,
Leonore Reason,Lavette P Cheney,N,
Leopoldo U Hole,Lawerence W Abernethy,N,
Leroy H Styron,Leanna X Tibbetts,N,
Les Priolo,Leda X Haskell,N,
Les V Bejarano,Leda Y Fabre,N,
Les V Gran,Leif Harness,N,
Lesha K Cai,Leif Y Harness,N,
Lesley Macpherson,Leigh Y Haws,N,
Leslie I Stolte,Leland C Fifield,N,
Leslie Stolte,Leland David,N,
Lester Coldiron,Lemuel V Darden,N,
Letha L Apel,Lemuel W Hardman,N,
Leticia V Lewandowski,Leonel S Yuan,N,
Lewis M Racette,Leonia Y Derosier,N,
Lezlie Z Bohannan,Leonore Reason,N,
Lia J Liner,Leopoldo U Hole,N,
Lia Liner,Leroy H Styron,N,
Liana T Quesenberry,Les Priolo,N,
Liane U Grafton,Les V Bejarano,N,
Lianne M Sweeney,Les V Gran,N,
Lianne Sweeney,Lesha K Cai,N,
Liberty A Shroyer,Lesley Macpherson,N,
Lidia Kuiper,Leslie I Stolte,N,
Lidia S Gerling,Leslie Stolte,N,
Ligia Hoeft,Lester Coldiron,N,
Lilli Tartt,Letha L Apel,N,
Lincoln D Cauley,Leticia V Lewandowski,N,
Lincoln D Demaria,Lewis M Racette,N,
Lincoln Demaria,Lezlie Z Bohannan,N,
Lindsey W Whittle,Lia J Liner,N,
Lindy M Reel,Lia Liner,N,
Linette Q Menard,Liana T Quesenberry,N,
Linh U Ashton,Liane U Grafton,N,
Linn Plummer,Lianne M Sweeney,N,
Lino M Lizarraga,Lianne Sweeney,N,
Linsey P Orsini,Liberty A Shroyer,N,
Linwood H Carter,Lidia Kuiper,N,
Linwood J Franqui,Lidia S Gerling,N,
Lisa C Sheridan,Ligia Hoeft,N,
Lisette F Cowley,Lilli Tartt,N,
Liz R Lomonaco,Lincoln D Cauley,N,
Lizzette G Moyle,Lincoln D Demaria,N,
Lizzette Moyle,Lincoln Demaria,N,
Lizzie D Ratcliff,Lindsey W Whittle,N,
Logan D Berryman,Lindy M Reel,N,
Lois Cozad,Linette Q Menard,N,
Lona T Collar,Linh U Ashton,N,
Londa Petrey,Linn Plummer,N,
Londa T Maya,Lino M Lizarraga,N,
Loraine Barnes,Linsey P Orsini,N,
Loralee V Ball,Linwood H Carter,N,
Loren I Casady,Linwood J Franqui,N,
Loren Isaac,Lisa C Sheridan,N,
Lorette Y Petrillo,Lisette F Cowley,N,
Lorri Garney,Liz R Lomonaco,N,
Lorriane P Ho,Lizzette G Moyle,N,
Lottie Bonin,Lizzette Moyle,N,
Lottie G Bonin,Lizzie D Ratcliff,N,
Lou Baine,Logan D Berryman,N,
Louann X Sakamoto,Lois Cozad,N,
Love G Lent,Lona T Collar,N,
Lowell Demmer,Londa Petrey,N,
Lucas Funes,Londa T Maya,N,
Lucas P Funes,Loraine Barnes,N,
Luciana N Campfield,Loralee V Ball,N,
Lucienne U Clyne,Loren I Casady,N,
Lucinda Z Borton,Loren Isaac,N,
Lucius C Moorhead,Lorette Y Petrillo,N,
Lucy Reiser,Lorri Garney,N,
Luella W Kemmerer,Lottie Bonin,N,
Luigi G Lembo,Lottie G Bonin,N,
Luke S Tumlin,Lou Baine,N,
Lyla Donald,Louann X Sakamoto,N,
Lyla Q Donald,Love G Lent,N,
Lyn Q Tso,Lowell Demmer,N,
Lyn Tso,Lucas Funes,N,
Lyndon Dunkley,Lucas P Funes,N,
Lynn M Blocher,Luciana N Campfield,N,
Lynwood Durfee,Lucienne U Clyne,N,
Lynwood Q Durfee,Lucinda Z Borton,N,
Mac Lineberry,Lucius C Moorhead,N,
Mac U Palmquist,Lucy Reiser,N,
Mac V Lineberry,Luella W Kemmerer,N,
Madalene J Martine,Luigi G Lembo,N,
Madelyn W Boos,Luke S Tumlin,N,
Magaly Mcneel,Lyla Donald,N,
Magaly U Mcneel,Lyla Q Donald,N,
Maire Mair,Lyn Q Tso,N,
Malcolm Y Bonaparte,Lyndon Dunkley,N,
Malcom Darrah,Lynn M Blocher,N,
Malcom L Meister,Lynwood Durfee,N,
Man W Bean,Lynwood Q Durfee,N,
Mandy Lavalley,Mac Lineberry,N,
Mandy W Lavalley,Mac U Palmquist,N,
Marcell T Farias,Mac V Lineberry,N,
Marcella Mapp,Mack L Lykes,N,
Marcella Z Mapp,Madalene J Martine,N,
Marcellus H Macintyre,Madelyn W Boos,N,
Marcellus Jalbert,Magaly Mcneel,N,
Marco J Desilva,Magaly U Mcneel,N,
Marg Dunfee,Maire Mair,N,
Margarett E Mulford,Malcolm Y Bonaparte,N,
Margarite E Blalock,Malcom Darrah,N,
Margarito M Oxendine,Malcom L Meister,N,
Margarito O Retana,Man W Bean,N,
Margarito Retana,Mandy Lavalley,N,
Marget Dials,Mandy W Lavalley,N,
Margit E Gallion,Marcell T Farias,N,
Margit Gallaher,Marcella Mapp,N,
Margrett M Confer,Marcella Z Mapp,N,
Mariam F Pinheiro,Marcellus H Macintyre,N,
Mariano F Leary,Marcellus Jalbert,N,
Mariano Y Kyles,Marco J Desilva,N,
Maricela Pendergrass,Marg Dunfee,N,
Marina X Quayle,Margarett E Mulford,N,
Maris S Briggs,Margarite E Blalock,N,
Marissa S Hughes,Margarito M Oxendine,N,
Marivel Seiter,Margarito O Retana,N,
Mark F Hamman,Margarito Retana,N,
Marketta Candelaria,Marget Dials,N,
Markus J Lamm,Margit E Gallion,N,
Marlana W Zak,Margit Gallaher,N,
Marleen R Guyette,Mariam F Pinheiro,N,
Marlon M Caddell,Mariano F Leary,N,
Marni O Otter,Mariano Y Kyles,N,
Mary Y Tate,Maricela Pendergrass,N,
Maryellen E Zackery,Marina X Quayle,N,
Maryellen H Hartness,Maris S Briggs,N,
Maryjo Mccloy,Marissa S Hughes,N,
Maryln H Springfield,Marivel Seiter,N,
Marylouise Howland,Mark F Hamman,N,
Marylyn K Ditto,Marketta Candelaria,N,
Marylynn Ealey,Markus J Lamm,N,
Marylynn G Ealey,Marlana W Zak,N,
Mason Shiflett,Marleen R Guyette,N,
Mathilda Monty,Marlon M Caddell,N,
Matt D Bramblett,Marni O Otter,N,
Mauricio U Talty,Mary Y Tate,N,
Maxwell Azevedo,Maryellen E Zackery,N,
Maxwell H Azevedo,Maryellen H Hartness,N,
Maybelle Rush,Maryjo Mccloy,N,
Mckinley H Scofield,Maryln H Springfield,N,
Meda I Hayner,Marylouise Howland,N,
Mei H Silvera,Marylyn K Ditto,N,
Melida R Corle,Marylynn Ealey,N,
Mellissa Hembree,Marylynn G Ealey,N,
Mervin E Goering,Mason Shiflett,N,
Mervin Goering,Mathilda Monty,N,
Meryl B Jude,Matt D Bramblett,N,
Meryl Gow,Mauricio I Streets,N,
Meryl I Nau,Mauricio U Talty,N,
Meryl Nau,Maxwell Azevedo,N,
Mica Z Herzberg,Maxwell H Azevedo,N,
Micaela N Buker,Maybelle Rush,N,
Micheal F Mcleroy,Mckinley H Scofield,N,
Mickey E Hentges,Meda I Hayner,N,
Mickey Hentges,Mei H Silvera,N,
Micki R Jauregui,Melida R Corle,N,
Mignon H Ballesteros,Mellissa Hembree,N,
Mignon Q Dills,Mervin E Goering,N,
Miguel P Karp,Mervin Goering,N,
Mika J Rodriquez,Meryl B Jude,N,
Mika Rodriquez,Meryl Gow,N,
Mike A Waddington,Meryl I Nau,N,
Miles Lambert,Meryl Nau,N,
Miles N Light,Mica Z Herzberg,N,
Millicent G Mangan,Micaela N Buker,N,
Millicent Mangan,Micheal F Mcleroy,N,
Min X Buckmaster,Mickey E Hentges,N,
Mina P Shotwell,Mickey Hentges,N,
Mina Shotwell,Micki R Jauregui,N,
Minta J Branham,Mignon H Ballesteros,N,
Mirian E Gorman,Mignon Q Dills,N,
Mirtha Herzig,Miguel P Karp,N,
Mirtha X Herzig,Mika J Rodriquez,N,
Misti H Mendenhall,Mika Rodriquez,N,
Misti Royal,Mike A Waddington,N,
Moises U Hughs,Miles Lambert,N,
Molly U Rasch,Miles N Light,N,
Monte F Mcginn,Millicent G Mangan,N,
Monty C Hughes,Millicent Mangan,N,
Morgan Carriere,Min X Buckmaster,N,
Morgan K Rathbun,Mina P Shotwell,N,
Morgan Leonetti,Mina Shotwell,N,
Morgan O Carriere,Minta J Branham,N,
Morgan V Leonetti,Mirian E Gorman,N,
Mose Brucker,Mirtha Herzig,N,
Mose O Brucker,Mirtha X Herzig,N,
Mumin Yusha,Misti H Mendenhall,N,
Murray D Pennock,Misti Royal,N,
Myles G Strum,Moises U Hughs,N,
Myra H Parra,Molly U Rasch,N,
Myron Elsea,Monte F Mcginn,N,
Myron V Elsea,Monty C Hughes,N,
Nadia B Rosner,Morgan Carriere,N,
Nancy V Trogdon,Morgan K Rathbun,N,
Nannette Ressler,Morgan Leonetti,N,
Nannie Z Seeman,Morgan O Carriere,N,
Natasha L Mcelhannon,Morgan V Leonetti,N,
Nathan Avendano,Mose Brucker,N,
Nathan V Avendano,Mose O Brucker,N,
Nathanael G Mcmillin,Mumin Yusha,N,
Nathanael Halloway,Murray D Pennock,N,
Nathanael W Ohl,Myles G Strum,N,
Neil Gebhard,Myra H Parra,N,
Neil V Gebhard,Myron Elsea,N,
Neil Z Stoughton,Myron V Elsea,N,
Nelida E Cheeks,Nadia B Rosner,N,
Nella Mckeown,Nancy V Trogdon,N,
Nelson Dubuc,Nannette Ressler,N,
Nelson O Dubuc,Nannie Z Seeman,N,
Neomi P Pitchford,Natasha L Mcelhannon,N,
Nestor T Ventura,Nathan Avendano,N,
Newton L Cromartie,Nathan V Avendano,N,
Newton V Scalia,Nathanael G Mcmillin,N,
Ngoc P Pogue,Nathanael Halloway,N,
Ngoc X Watson,Nathanael W Ohl,N,
Nicholas B Salcedo,Neil Gebhard,N,
Nick Q Packard,Neil V Gebhard,N,
Nickolas G Grossi,Neil Z Stoughton,N,
Nicola S Bellis,Nelida E Cheeks,N,
Nicolle A Crothers,Nella Mckeown,N,
Nigel K Wadsworth,Nelson Dubuc,N,
Nigel O Sansom,Nelson O Dubuc,N,
Nigel V Dupras,Neomi P Pitchford,N,
Nikia Z Thrasher,Nestor T Ventura,N,
Nilsa Arambula,Newton L Cromartie,N,
Noah O Love,Newton V Scalia,N,
Noble Sanderson,Ngoc P Pogue,N,
Noel Garon,Ngoc X Watson,N,
Nolan V Velazco,Nicholas B Salcedo,N,
Norris P Ewen,Nick Q Packard,N,
Novella B Osman,Nickolas G Grossi,N,
Novella Osman,Nicola S Bellis,N,
Odette Gorden,Nicolle A Crothers,N,
Olevia U Cartier,Nigel K Wadsworth,N,
Oliver Mouzon,Nigel O Sansom,N,
Omer H Moultrie,Nigel V Dupras,N,
Ona K Koepp,Nikia Z Thrasher,N,
Oren M Mcnabb,Nilsa Arambula,N,
Oren Mcnabb,Noah O Love,N,
Orval N Pichardo,Noble Sanderson,N,
Orval Olinger,Noel Garon,N,
Orval Q Olinger,Nolan V Velazco,N,
Orval Q Schlesinger,Norris P Ewen,N,
Orville Marcantel,Novella B Osman,N,
Orville Massey,Novella Osman,N,
Oscar R Bovee,Odette Gorden,N,
Oswaldo Baumbach,Olevia U Cartier,N,
Otha Sylvester,Oliver Mouzon,N,
Otha T Orrell,Omer H Moultrie,N,
Otto Reilly,Ona K Koepp,N,
Palmer O Beamer,Orval N Pichardo,N,
Pansy Duchesne,Orval Olinger,N,
Pansy F Duchesne,Orval Q Schlesinger,N,
Paola R Timberlake,Orville Marcantel,N,
Paris U Leite,Orville Massey,N,
Patrick H Gilleland,Oscar R Bovee,N,
Patty Hosey,Oswaldo Baumbach,N,
Paz J Hegwood,Otha Sylvester,N,
Perry E Huddleston,Otha T Orrell,N,
Perry Outland,Otto Reilly,N,
Pete B Donnelly,Palmer O Beamer,N,
Petrina B Dampier,Pansy Duchesne,N,
Petrina Dampier,Pansy F Duchesne,N,
Phil Czarnecki,Paola R Timberlake,N,
Phil G Czarnecki,Paris U Leite,N,
Phil T Urena,Patrick H Gilleland,N,
Philip Trinidad,Patty Hosey,N,
Philip X Trinidad,Paz J Hegwood,N,
Phillip Crabill,Perry E Huddleston,N,
Phyllis Figueredo,Perry Outland,N,
Porfirio Houghton,Pete B Donnelly,N,
Porsche Dearing,Petrina B Dampier,N,
Prince Maloof,Petrina Dampier,N,
Providencia Hennings,Phil Czarnecki,N,
Queenie M Alder,Phil G Czarnecki,N,
Quinn Linneman,Phil T Urena,N,
Rachelle M Burkhead,Philip Trinidad,N,
Rafaela Madrid,Philip X Trinidad,N,
Rafaela N Madrid,Phillip Crabill,N,
Raguel Yeager,Phyllis Figueredo,N,
Ramon Heldt,Porfirio Houghton,N,
Ramona V Hemphill,Porsche Dearing,N,
Ramona W Rand,Prince Maloof,N,
Ramonita Z Fincher,Providencia Hennings,N,
Randal J Kahle,Queenie M Alder,N,
Randal Kahle,Quinn Linneman,N,
Randee O Cassity,Rachelle M Burkhead,N,
Randee X Blunt,Rafaela Madrid,N,
Raphael W Kellner,Rafaela N Madrid,N,
Rashida M Durante,Raguel Yeager,N,
Raye T Willmon,Ramon Heldt,N,
Raymon I Chavarria,Ramona V Hemphill,N,
Raymond U Flavin,Ramona W Rand,N,
Raymundo Pecora,Ramonita Z Fincher,N,
Reagan H Costas,Randal J Kahle,N,
Reanna I Hampton,Randal Kahle,N,
Reatha E Osby,Randee O Cassity,N,
Rebeca Kromer,Randee X Blunt,N,
Reed O Vella,Raphael W Kellner,N,
Reed Vella,Rashida M Durante,N,
Reggie Cramer,Raye T Willmon,N,
Reinaldo Castellanos,Raymon I Chavarria,N,
Rene Morel,Raymond U Flavin,N,
Ressie Goodwyn,Reagan H Costas,N,
Ressie I Goodwyn,Reanna I Hampton,N,
Retha G Nealy,Reatha E Osby,N,
Rex K Dion,Rebeca Kromer,N,
Reyes X Segal,Reed O Vella,N,
Reynalda M Millwood,Reed Vella,N,
Reynaldo S Service,Reggie Cramer,N,
Rhett A Chapple,Reinaldo Castellanos,N,
Rhett H Goode,Renaldo K Cheatham,N,
Rich Cleek,Rene Morel,N,
Rich Q Rehberg,Ressie Goodwyn,N,
Rich Rehberg,Ressie I Goodwyn,N,
Richard C Truman,Retha G Nealy,N,
Richard J Fetter,Rex K Dion,N,
Richelle Haffner,Reyes X Segal,N,
Richie I Weisz,Reynalda M Millwood,N,
Rick E Armenta,Rhett A Chapple,N,
Rick Y Haefner,Rhett H Goode,N,
Rickey I Delk,Rich Cleek,N,
Rina L Chacon,Rich Q Rehberg,N,
Rob Spier,Rich Rehberg,N,
Robbie N Heckman,Richard C Truman,N,
Robert Ancheta,Richard J Fetter,N,
Robert C Ancheta,Richelle Haffner,N,
Robert F Trudeau,Richie I Weisz,N,
Robert Winsor,Rick E Armenta,N,
Roberto A Fresquez,Rick Y Haefner,N,
Roberto U Derry,Rickey I Delk,N,
Robin Z Stewart,Rina L Chacon,N,
Rod Catania,Rob Spier,N,
Rodney Leonardo,Robbie N Heckman,N,
Rogelio Finnerty,Robert Ancheta,N,
Rogelio Ledezma,Robert C Ancheta,N,
Rolando Womble,Robert F Trudeau,N,
Ronnie E Swim,Robert Winsor,N,
Ronnie G Gumbs,Roberto A Fresquez,N,
Ronnie H Upton,Roberto U Derry,N,
Ronnie Upton,Robin Z Stewart,N,
Rory Syed,Rod Catania,N,
Rosa Iler,Rodney Leonardo,N,
Rosaline H Brenneman,Rogelio Finnerty,N,
Rosalva G Shepley,Rogelio Ledezma,N,
Rosanna D Standley,Rolando Womble,N,
Roscoe Tunney,Ronnie E Swim,N,
Roselia F Britton,Ronnie G Gumbs,N,
Rosella E Marron,Ronnie H Upton,N,
Rosemarie K Fellows,Ronnie Upton,N,
Rosetta Messerly,Rory Syed,N,
Rosette F Cascio,Rosa Iler,N,
Rosina Gonsalves,Rosaline H Brenneman,N,
Ross Imai,Rosalva G Shepley,N,
Rosy U Baumeister,Rosanna D Standley,N,
Roy W Wilkie,Roscoe Tunney,N,
Royal U Okeefe,Roselia F Britton,N,
Royce K Goodwyn,Rosella E Marron,N,
Rozanne N Mielke,Rosemarie K Fellows,N,
Rubin Confer,Rosetta Messerly,N,
Rubin E Confer,Rosette F Cascio,N,
Ruby B Hare,Rosina Gonsalves,N,
Rueben X Pidgeon,Ross Imai,N,
Rufus F Furlong,Rosy U Baumeister,N,
Rufus Neufeld,Roy W Wilkie,N,
Russ I Teed,Royal U Okeefe,N,
Russ U Belliveau,Royce K Goodwyn,N,
Russel Baumer,Rozanne N Mielke,N,
Rusty Bibby,Rubin Confer,N,
Sal C Heiden,Rubin E Confer,N,
Salena I Santillan,Ruby B Hare,N,
Salena Santillan,Rueben X Pidgeon,N,
Salvatore J Lindell,Rufus F Furlong,N,
Sam C Limones,Rufus Neufeld,N,
Sam E Lacey,Russ I Teed,N,
Samantha V Lucky,Russ U Belliveau,N,
Sammy C Holtzclaw,Russel Baumer,N,
Samuel Dart,Rusty Bibby,N,
Sanford Knee,Sal C Heiden,N,
Sarita P Schubert,Salena I Santillan,N,
Scott K Ricco,Salena Santillan,N,
Selma Abram,Salvatore J Lindell,N,
Sena U Delrosario,Sam C Limones,N,
Serina Lingle,Sam E Lacey,N,
Seth N Lipsky,Samantha V Lucky,N,
Seth Willilams,Sammy C Holtzclaw,N,
Shanelle Z Hick,Samuel Dart,N,
Shannon J Force,Sanford Knee,N,
Shanti F Quirion,Sarita P Schubert,N,
Shanti P Brinegar,Scott K Ricco,N,
Shanti Quirion,Selma Abram,N,
Shara Millsap,Sena U Delrosario,N,
Sharda W Choudhury,Serina Lingle,N,
Sharita Y Lombardi,Seth N Lipsky,N,
Sharlene Klein,Seth Willilams,N,
Sharonda Janzen,Shanelle Z Hick,N,
Sharri Z Gormley,Shannon J Force,N,
Sharyl Y Torian,Shanti F Quirion,N,
Shasta F Bay,Shanti Quirion,N,
Shasta P Depuy,Shara Millsap,N,
Shavon K Wescott,Sharda W Choudhury,N,
Shavonne B Boylan,Sharita Y Lombardi,N,
Shavonne Henkle,Sharlene Klein,N,
Shawanda Ostlund,Sharonda Janzen,N,
Shayne T Claytor,Sharri Z Gormley,N,
Sheila F Bergman,Sharyl Y Torian,N,
Shemika D Porterfield,Shasta F Bay,N,
Sherise Bledsoe,Shasta P Depuy,N,
Sherise C Bledsoe,Shavon K Wescott,N,
Sherlene E Mcdaniel,Shavonne B Boylan,N,
Sherryl B Raker,Shawanda Ostlund,N,
Sherryl Raker,Shayne T Claytor,N,
Sherwood K Shire,Sheila F Bergman,N,
Shirl M Caraballo,Shemika D Porterfield,N,
Shirley H Mettler,Sherise Bledsoe,N,
Sidney D Amore,Sherise C Bledsoe,N,
Silas J Wojcik,Sherlene E Mcdaniel,N,
Silas S Pyatt,Sherryl B Raker,N,
Silvana V Hendrix,Sherryl Raker,N,
Simon G Cromwell,Sheryll X Broadbent,N,
Sixta H Jo,Shirl M Caraballo,N,
Sixta Jo,Shirley H Mettler,N,
Sol Coffman,Sidney D Amore,N,
Sol K Roger,Silas J Wojcik,N,
Solange Landaverde,Silas S Pyatt,N,
Son D Ricketts,Silvana V Hendrix,N,
Sonny Najar,Simon G Cromwell,N,
Sophia F Knecht,Sixta H Jo,N,
Stacey H Galante,Sixta Jo,N,
Stacy B Kennell,Sol Coffman,N,
Stan I Folks,Solange Landaverde,N,
Stan S Watt,Son D Ricketts,N,
Stanley Caudill,Sonny Najar,N,
Stanley F Casillas,Sophia F Knecht,N,
Stanton Y Cavallaro,Stacey H Galante,N,
Stasia L Daley,Stacy B Kennell,N,
Stefanie P Rose,Stan I Folks,N,
Stephnie Millman,Stan S Watt,N,
Steve S Everette,Stanley Caudill,N,
Steven B Daigneault,Stanley F Casillas,N,
Steven Daigneault,Stanton Y Cavallaro,N,
Stuart Fullwood,Stasia L Daley,N,
Suellen Eoff,Stefanie P Rose,N,
Sunshine F Earle,Stephnie Millman,N,
Susan Barra,Steve S Everette,N,
Susana Hooks,Steven B Daigneault,N,
Susann A Faucett,Steven Daigneault,N,
Suzette F Lovejoy,Stuart Fullwood,N,
Suzette Lovejoy,Suellen Eoff,N,
Sydney Trosper,Sunshine F Earle,N,
Sylvester Harmer,Susan Barra,N,
Sylvester M Harmer,Susana Hooks,N,
Sylvester Z Blackledge,Susann A Faucett,N,
Tad Laster,Suzette F Lovejoy,N,
Tad Portillo,Suzette Lovejoy,N,
Tad V Laster,Sydney Trosper,N,
Talisha F Nicklas,Sylvester Harmer,N,
Tamera Balser,Sylvester M Harmer,N,
Tamesha I Knepper,Sylvester Z Blackledge,N,
Tamica J Holoman,Tad Laster,N,
Tammi S Garret,Tad Portillo,N,
Tammy Staples,Tad V Laster,N,
Tammy Z Lorentz,Talisha F Nicklas,N,
Tanner Y Hollenbeck,Tamesha I Knepper,N,
Tawanda E Buchanon,Tamica J Holoman,N,
Taylor O Thill,Tammi S Garret,N,
Tayna L Covarrubias,Tammy Staples,N,
Teddy Kleinschmidt,Tammy Z Lorentz,N,
Tempie Peralta,Tanner Y Hollenbeck,N,
Terra D Routh,Tawanda E Buchanon,N,
Terra Routh,Taylor O Thill,N,
Terrance E Schiefelbein,Tayna L Covarrubias,N,
Terrell J Leader,Teddy Kleinschmidt,N,
Terrell Leader,Tempie Peralta,N,
Theda Timothy,Terra D Routh,N,
Theresa Fitzmaurice,Terra Routh,N,
Theresa R Fitzmaurice,Terrance E Schiefelbein,N,
Theron T Kramer,Terrell J Leader,N,
Thomas B Felipe,Terrell Leader,N,
Thomas H Huang,Theda Timothy,N,
Thora Vanhook,Theresa Fitzmaurice,N,
Thurman T Caceres,Theresa R Fitzmaurice,N,
Tiffaney A Schoenberg,Theron T Kramer,N,
Tiffaney Schoenberg,Thomas B Felipe,N,
Tim N Schueller,Thomas H Huang,N,
Tim U Kornegay,Thora Vanhook,N,
Timmy I Poteat,Thurman T Caceres,N,
Timmy Kitchens,Tiffaney A Schoenberg,N,
Tinisha V Vince,Tiffaney Schoenberg,N,
Tiny Llanos,Tim N Schueller,N,
Tiny Z Oliveri,Tim U Kornegay,N,
Titus Eide,Timmy I Poteat,N,
Toby Riles,Timmy Kitchens,N,
Tod Rene,Tinisha V Vince,N,
Toi F Stallard,Tiny Llanos,N,
Tomas V Krout,Tiny Z Oliveri,N,
Tommie S Fargo,Titus Eide,N,
Tommy I Meadows,Toby Riles,N,
Tona S Huseby,Tod Rene,N,
Toney Buffum,Toi F Stallard,N,
Toney O Gentle,Tomas V Krout,N,
Tonia Silvis,Tommie S Fargo,N,
Tonia X Silvis,Tommy I Meadows,N,
Tonja E Lenahan,Tona S Huseby,N,
Tonja Lenahan,Toney Buffum,N,
Tony E Keough,Tonia Silvis,N,
Tony Keough,Tonia X Silvis,N,
Towanda H Matson,Tonja E Lenahan,N,
Tracey Lapinski,Tonja Lenahan,N,
Tracie J Winebarger,Tony E Keough,N,
Trent J Lockman,Tony Keough,N,
Tressa Q Standard,Towanda H Matson,N,
Tressa Standard,Tracey Lapinski,N,
Trey Kaiser,Tracie J Winebarger,N,
Tristan L Cockrell,Trent J Lockman,N,
Tristan M Brackett,Tressa Q Standard,N,
Troy J Higbee,Tressa Standard,N,
Troy Michalski,Trey Kaiser,N,
Tuan L Rhymes,Tristan L Cockrell,N,
Tyler D Galindo,Tristan M Brackett,N,
Tyler Galindo,Troy J Higbee,N,
Tyler N Larkins,Troy Michalski,N,
Tyree W Linden,Tuan L Rhymes,N,
Tyrell R Bramlett,Tyler D Galindo,N,
Tyson High,Tyler Galindo,N,
Ula W Hartl,Tyler N Larkins,N,
Ulysses S Abate,Tyree W Linden,N,
Un Zebrowski,Tyrell R Bramlett,N,
Ute Outen,Tyson High,N,
Valarie O Gorecki,Ula W Hartl,N,
Valencia M Cuffee,Ulysses S Abate,N,
Valene R Yost,Un Zebrowski,N,
Valene Yost,Ute Outen,N,
Valentin Escoto,Valarie O Gorecki,N,
Valentin T Dearborn,Valencia M Cuffee,N,
Valentine Gibbon,Valene R Yost,N,
Valeria Fang,Valene Yost,N,
Van E Broadbent,Valentin Escoto,N,
Van T Dotson,Valentin T Dearborn,N,
Vance Kuss,Valentine Gibbon,N,
Vasiliki E Thoman,Valeria Fang,N,
Vasiliki Thoman,Van E Broadbent,N,
Vaughn N Garica,Van T Dotson,N,
Velda V Larue,Vance Kuss,N,
Verla H Contreras,Vasiliki E Thoman,N,
Vern T Lomeli,Vasiliki Thoman,N,
Verona H Brobst,Vaughn N Garica,N,
Veronica I Mower,Velda V Larue,N,
Vicki V Broussard,Verla H Contreras,N,
Vicki Y Hargrave,Vern T Lomeli,N,
Victor Helmuth,Vernell X Amado,N,
Victoria H Musson,Verona H Brobst,N,
Vikki N Lezama,Veronica I Mower,N,
Vincent N Lennon,Vicki V Broussard,N,
Vincenzo Rentschler,Vicki Y Hargrave,N,
Vinita E Chamber,Victor Helmuth,N,
Violet L Ertel,Victoria H Musson,N,
Virgil R Yuen,Vincent N Lennon,N,
Vivienne X Binion,Vincenzo Rentschler,N,
Voncile P Trojanowski,Vinita E Chamber,N,
Vonda U Mckinnis,Virgil R Yuen,N,
Waldo Witmer,Vivienne X Binion,N,
Walter B Mcmorrow,Voncile P Trojanowski,N,
Walter H Hargreaves,Vonda U Mckinnis,N,
Walter R Seddon,Waldo Witmer,N,
Walton U Kapoor,Walter B Mcmorrow,N,
Warner I Manly,Walter H Hargreaves,N,
Warren L Manion,Walter R Seddon,N,
Waylon Z Curtsinger,Walton U Kapoor,N,
Wendolyn Riddle,Warner I Manly,N,
Whitney N Wasinger,Warren L Manion,N,
Wiley U Maske,Waylon Z Curtsinger,N,
Wilfred Honore,Wendolyn Riddle,N,
Wilhelmina Y Keaney,Whitney N Wasinger,N,
Willia Vath,Wiley U Maske,N,
William B Mcnerney,Wilfred Honore,N,
Williams Timko,Wilhelmina Y Keaney,N,
Willian Zeringue,William B Mcnerney,N,
Willis D Weissman,Williams Timko,N,
Wilton Florence,Willian Zeringue,N,
Windy A Dudek,Willis D Weissman,N,
Windy Dudek,Wilton Florence,N,
Windy Pharr,Windy Dudek,N,
Windy S Pharr,Windy Pharr,N,
Windy Valadez,Windy S Pharr,N,
Winona Slape,Windy Valadez,N,
Wm S Goldschmidt,Winona Slape,N,
Xochitl Hogan,Xochitl Hogan,Y,Xochitl Hogan
Xochitl Luse,Xochitl Luse,Y,Xochitl Luse
Yong Ramsey,Yong Ramsey,Y,Yong Ramsey
Young Rueb,Young Rueb,Y,Young Rueb
Young W Funes,Young W Funes,Y,Young W Funes
Yung G Booher,Yung G Booher,Y,Yung G Booher
Yvone Seay,Yvone Seay,Y,Yvone Seay
Zachary Haugland,Zachary Haugland,Y,Zachary Haugland
Zachary S Velasquez,Zachary S Velasquez,Y,Zachary S Velasquez
Zachary U Breeden,Zachary U Breeden,Y,Zachary U Breeden
Zachary Velasquez,Zachary Velasquez,Y,Zachary Velasquez
Zachery Barna,Zachery Barna,Y,Zachery Barna
Zack H Mumaw,Zack H Mumaw,Y,Zack H Mumaw
Zackary G Parkins,Zackary G Parkins,Y,Zackary G Parkins
Zana G Ordonez,Zana G Ordonez,Y,Zana G Ordonez
Zane J Hurdle,Zane J Hurdle,Y,Zane J Hurdle
Zella Renn,Zella Renn,Y,Zella Renn
Zenia D Owings,Zenia D Owings,Y,Zenia D Owings
Zoila X Nair,Zoila X Nair,Y,Zoila X Nair
